1450170589071626243,PikminBloom,Pikmin Bloom
1439658023430017028,EgyptExpo2020,EgyptExpo2020
1414683823011475461,GogglesInsights,Goggles Insights
1412722256581697540,PVSportFR,Prime Video Sport France
1395013546824589315,getir_fr,getir France
1370493118202540032,Kyndryl,Kyndryl
1361687592287285251,GoblinzPub,Goblinz Publishing
1352541106404290560,GollumGame,The Lord of the Rings: Gollum
1347356202376851456,XclusiveTrading,Xclusive Trading
1324780745588690944,inDriverBrasil,inDriverBrasil
1275067463458144258,kingfisher_tech,Kingfisher Technology Holdings
1269011615871045638,gorillasapp,Gorillas
1265590439962447872,TraderepublicFR,traderepublicFR
1261618118901805056,fastic,FASTIC
1260325698876477440,cruelsummer,Cruel Summer
1258694395857006592,bitzardry,Bitzardry Software Pvt Ltd
1255422940008546306,PandaVpnfree2,Panda VPN Free
1252215977758072832,studio_amrita,Amrita Studio
1240238464458616832,NieR_Rein,NieR ReÔºªinÔºΩcarnation
1232770442609512455,_Green_Travel_,Green Travel
1231937401792212992,TheDaddest,TheDaddest
1217025026077200385,EU_EBSI,European Blockchain Services Infrastructure (EBSI)
1207507211330568194,PandaVPNstudio,PandaVPN Pro
1203059923317227520,spotifypodcasts,Spotify Podcasts üéô
1201920884262371328,reuniverse_en,Romancing SaGa Re;univerSe
1184033558438002690,28dayschallenge,MyFastingChallenge
1177377748139929600,nobleaudio_jp,NobleAudio Japan
1176509845605949441,Audible_ES,Audible.ES
1157389907360407554,get_headway,Headway
1154385711249756161,HuaweiEntEurope,Huawei Enterprise Europe
1149338372474920960,two_europe,Take-Two Interactive Europe
1141362430880210944,AssurConnect,Assur Connect
1123948811691470849,ubereats_uk,Uber Eats UK
1111277747161178114,ubereats_fr,Uber Eats France
1110507386555363329,_WinTicket,„ÄêÁ´∂Ëº™No.1„ÄëWINTICKET(„Ç¶„Ç£„É≥„ÉÅ„Ç±„ÉÉ„Éà) / ABEMA Á´∂Ëº™„Éª„Ç™„Éº„Éà„É¨„Éº„ÇπCH
1103980731662024705,McDonaldsFrance,McDonald's France
1103775364743028736,NordaceOfficial,Nordace
1103650293290622976,eToroFr,eToroFr
1100982077636280321,Evony_TKR,Evony - The King's Return
1100765004415074304,SmileyNews,Smiley News
1083834683308339200,voice_evidence,VoICE Immunization Evidence
1073485576723038210,CoupangEats,Coupang Eats
1070109957176012800,GoZwiftFR,GoZwiftFR
1053221274988752896,reface_app,Reface
1027087660869808128,trading_kk,KK Trading Academy
1022324783428526080,iChongqing_CIMC,iChongqing
1015208116906950657,tiktok_kuromame,TikTokÈªíË±Ü„Å°„ÇÉ„Çì
1012372673211424768,lovelink_line,„ÄêÂÖ¨Âºè„ÄëLOVELINK-„É©„Éñ„É™„É≥„ÇØ-
1011356736874164225,DisneyPlusFR,Disney+ FR
1009688659128438786,tiktok_France,TikTok France
1009135067153616896,CeloOrg,Celo
1001460438519992321,friends_bubble,Bubble Friends
996753418017558528,MonEpargneEtMoi,Mon √©pargne et moi
996571805312737280,OlainUK,Ola UK
989413462672527360,XiaomiFrance,Xiaomi France
988433413303603201,UnityNewsNet,UNN
987246489163452417,ArielFrance,Ariel - Partageons les Taches
986177047637540866,OPPOFrance,OPPO France
983601935247970304,ubereatsksa,ÿ£Ÿàÿ®ÿ± ÿ•Ÿäÿ™ÿ≥ ÿßŸÑÿ≥ÿπŸàÿØŸäÿ©‚Äé‚Äé
982281661873311744,Princede_LU,PrincedeLU
981787903746609152,BusinessDubai,Business Dubai
978459450871697408,SpotifyKpop,Spotify ‚ù§Ô∏è K-Pop
974696489493479424,Predator_USA,Predator Gaming USA
967167998653030403,P3Protein,P3
964533995244589056,BriefEco,Brief.eco
961601155154489344,MaFrenchBank,Ma French Bank
957842946497249281,DB_Legends,DRAGON BALL LEGENDS
950798663550423041,CasaZul_FA,Casa Azul Felipe Augusto
950719991103545344,Essity_FR,Essity France
928289850285084672,Drive_pedia,Drivepedia
921735019693051904,NEOM,NEOM
919174740270637056,Nexo,Nexo
914790659592265728,LINEmangaPR,LINEmangaPR
901501366664912896,getdelta,Delta Investment Tracker
887413954980589568,LadyBirdMovie,Lady Bird
887323936513458176,homescapes,Homescapes
885585631778267136,IFeelPretty,I Feel Pretty
882022668446425090,spiritacb,acb
879854215971131393,RappiBrasil,Rappi Brasil
877807935493033984,binance,Binance
875367516549369856,FondationVA,Fondation VINCI Autoroutes
869923560277594114,weflyjoon,JOON
864347902029709314,cryptocom,Crypto.com
864084883517386752,noteableyfood,Noteabley
856524819948609536,BarclaysCIB,Barclays Corporate & Investment Bank
852544033788506112,SacredDeerMovie,#SacredDeer Movie
842736390181916673,swile,Swile
822023253535227904,houchishoujo,„ÄêÂÖ¨Âºè„ÄëÊîæÁΩÆÂ∞ëÂ•≥üå∏ÁôæËä±Áπö‰π±„ÅÆËêåÂß´„Åü„Å°üå∏
821027001142284288,OrangeBankFR,Orange Bank
819883783025491970,PrimeVideoFR,Prime Video France
808793586200432640,xfinitymobile,Xfinity Mobile
801785109808640000,hepar,H√©par
801758950093914112,KSRelief_EN,KSrelief
800629853099696128,capitalcom,Capital.com Worldwide
797131039038652417,UberEats_br,Uber Eats Brasil
785547077287903233,bodyfastapp,Bodyfast App Intermittent Fasting
781604377463324672,eaglennsworld,eaglennsworld
780934231304265728,UberEats_JP,Uber Eats JapanÔºà„Ç¶„Éº„Éê„Éº„Ç§„Éº„ÉÑÔºâ
780811797435523076,OrangeOccitanie,Orange Occitanie
776246567669866496,UberFreight,Uber Freight
773566523579523074,SuperMarioRunJP,SuperMarioRun
761588458095796224,minexcoin,|Minexcoin || MinexPay|
758630758680371200,libertex_latam,Libertex LATAM
749773449459937280,SpotifyJP,Spotify Japan
748077965800542209,Fundacja_PFN,Fundacja_PFN
745778151624581120,illumeably,Illumeably
739147783769366528,RebuildingAmNow,Rebuilding America Now
728538047596404737,RollsRoyceUK,Rolls-Royce UK
725518788372783104,AdHearthstone,Hearthstone_ad
723137197537288192,uber_uganda,Uber Uganda
722997965783072772,LINE_tsumtsum_j,LINEÔºö„Éá„Ç£„Ç∫„Éã„Éº „ÉÑ„É†„ÉÑ„É†ÂÖ¨Âºè
722239705664761857,piccoma_jp,„ÄêÂÖ¨Âºè„Äë„Éî„ÉÉ„Ç≥„Éû
719902068782342144,FilmStruck,FilmStruck
713266727434326016,PoliticalEdu_,Political Edu
711913752870854658,HuaweiEBGFrance,Huawei Enterprise Fr
704198254620078080,lipsjp,LIPSÔºà„É™„ÉÉ„Éó„ÇπÔºâ
702688843934277632,boomaero,Boom Supersonic
702303494053634049,STAR,STAR
701814706114338816,CNBCCatalyst,CNBC Catalyst
4921012383,Comparably,Comparably
4886598770,mercari_wolf,„É°„É´„Ç´„É™
4859567116,Uber_Tanzania,Uber Tanzania
4859440791,Uber_Ghana,Uber Ghana
4859102896,cleanmaster_jp,CleanMaster Japan
4855801089,HuaweiFacts,Huawei Facts
4850675079,OnePlus_UK,OnePlus UK
4845628539,Uber_PKR,Uber Pakistan
4785469693,AmazonPhotos,Amazon Photos
4777148474,Uber_BD,Uber Bangladesh
4747947612,Honorglobal,HONOR
4570299383,Climb_fr,Climb
4525368149,CortevaEUR,Corteva Europe
4375456694,mercariatte_jp,„É°„É´„Ç´„É™ „Ç¢„ÉÉ„ÉÜ
4234025505,ToonamiFR,Toonami
4172196119,PSSportsFR,PokerStars Sports FR
4009313459,ClashRoyaleJP,„ÇØ„É©„É≠„ÉØÂÖ¨Âºèüëë
4009148182,ClashRoyale,Clash Royale
3937701921,uber_lithuania,Uber_Lithuania
3842921847,aperolspritzita,Aperol Spritz Italia
3800189952,SNOW_jp_SNOW,SNOW App(Official)
3641395272,GreatWestToday,Great-West Investments
3527429536,hbonow,HBO NOW
3430525120,wileyinresearch,Wiley in Research
3408719663,theTOPpuzzle,TheTOPpuzzle
3389208455,happn_turkiye,happn T√ºrkiye
3384186879,SURGEConfHQ,SURGE Conf
3309446338,BelieveAgainGOP,Believe Again
3307014839,GraphyStories,GraphyStories
3282802674,TwitterMktgMENA,Twitter Marketing MENA
3255473401,ABEMA,ABEMA(„Ç¢„Éô„Éû)
3254815086,NetflixJP,|Netflix Japan || „Éç„ÉÉ„Éà„Éï„É™„ÉÉ„ÇØ„Çπ|
3248322328,CareersMw,MW Americas Careers
3246403435,AmGodsIntl,American Gods Intl
3246095937,BankofScotBiz,Bank of Scotland Business
3241680883,RappiMexico,Rappi M√©xico
3240286171,stewham,Stewarts & Hamiltons
3232796514,TryChangeUp,ChangeUp
3191437439,BFMTV_People,BFMTV People
3187024350,BestTimeEver,Best Time Ever
3165955126,Uber_Pol,Uber Polska
3165783786,KingsProphets,Of Kings & Prophets
3153503825,door2door,door2door
3121057012,ParionsSport,ParionsSport üîû
3108924784,Studyo,Studyo
3100005042,UberEats,Uber Eats
3092338707,DDMSLLC,|DDMS
3091366552,Adaptive_Sys,Adaptive Systems
3081164409,LyfPay,Lyf
3061749775,WeHireLeaders,Life at Palo Alto Networks
3055936108,BuddyGit,Buddy
3046438404,Mandy_Godart,Mandy GODART
3041754156,nikeaustralia,Nike Australia
3034717395,BlaBlaCarMX,BlaBlaCar Mexico
3033487666,uber_romania,Uber Romania
3021611399,MoneyConfHQ,MoneyConf
2981305929,Cheerz_UK,Cheerz UK
2929682789,uber_kenya,Uber Kenya
2925332110,The_BBI,BBI
2914499426,atomtickets,Atom Tickets
2911733862,mazekuro,„ÄêÂÖ¨Âºè„Äë„Éû„Çº„É©„Éã„Ç´ „ÇØ„É≠„Éã„ÇØ„É´S
2903147834,WePledge,Twilio IRL
2893466177,absolutelyx,Absolut Elyx Vodka
2890875503,tippn,tippn
2886745574,Overwatch_PL,Overwatch
2886714558,OverwatchRU,Overwatch
2886684901,OverwatchFR,Overwatch
2886681781,OverwatchEU,Overwatch
2886618612,OverwatchIT,Overwatch
2886611010,OverwatchES,Overwatch
2886598926,OverwatchDE,Overwatch
2875960369,WagWalking,Wag! - The #1 App for Pet Parents
2874959663,Russia,Russia üá∑üá∫
2874803581,steamintech,Coffee + Tech
2873526639,NOPLPoff,NOPLP Officiel
2865691205,365ninja,365 Ninja
2857454552,Uber_TX,Uber Texas
2857406022,uber_phx,Uber Phoenix
2848423391,ITI_Jobs,Infinite Technologie
2834176185,WinamaxSport,Winamax Sport üîû
2832518219,NRM_inc,|NRM
2832071580,MS_Ignite,Microsoft Ignite
2827989882,huaweimobilefr,Huawei Mobile France
2826425320,Uber_Greece,Uber_Greece
2817824119,SARAhomecare,Sara Companion
2815805301,TEDxCESalonED,TEDxCESalonED
2815515341,lewebde,Lewebde
2811445212,bookingcomnews,Booking.com News
2810375782,snap_hr,Snap.hr
2809988399,woltapp,Wolt
2804207131,Uber_Missouri,Uber Missouri
2800506649,SimCityBuildIt,SimCity BuildIt
2799887007,uber_osl,uber_oslo
2798934641,Rocelec_Jobs,Rocelec_Jobs
2786334536,Uber_Penn,Uber Pennsylvania
2786252385,airtable,Airtable
2778085741,DS_fr,DS France
2774024936,WetHot,Wet Hot American
2767726147,Uber_MS,Uber Mississippi
2743906800,Uber_Business,Uber for Business
2743070743,Uber_WV,Uber West Virginia
2731981836,Uber_KS,Uber_KS
2731973970,Uber_Iowa,Uber_Iowa
2710399418,Uber_OR,Uber Oregon
2710390656,Uber_ID,Uber Idaho
2709835603,janeallen08,Jane Allen
2707150681,ChartMogul,ChartMogul
2690108822,eehlee,He Lee
2683776282,CodeSignalCom,CodeSignal
2680432332,jhtnacareers,Johnson Health Tech
2672149663,tapple_official,„ÄêÂÖ¨Âºè„Äë„Çø„ÉÉ„Éó„É´ @ÊÅãÊ¥ª„ÉªÂ©öÊ¥ª„Éû„ÉÉ„ÉÅ„É≥„Ç∞„Ç¢„Éó„É™
2650996669,TheMSPHubTeam,The MSP Team
2598371538,EAPlay,EA Play
2582139667,Uber_Egypt,Uber_Egypt
2567559469,ComThingsSAS,ComThings
2559895272,UberNigeria,Uber Nigeria
2556280088,ViberRus,Viber Russia
2551259005,WishShopping,WishShopping
2551000952,TwitterMktgDACH,Twitter Marketing DACH
2551000568,TwitterMktLatam,Twitter Mktg Latam
2549110262,Uber_Flag,Uber Flagstaff
2527458541,MAAFAssurances,MAAF
2527010671,Leclerc,E.Leclerc
2510215220,ToyotaMotorCorp,Toyota Motor Corp.
2481756660,stepikorg,Stepik
2480001271,EagleTalent,Eagle Talent
2479865522,Noble1Solutions,Noble 1
2472936925,uber_portugal,Uber Portugal
2469650641,oneplus_fr,OnePlus France
2463191558,Uber_TN,Uber Tennessee
2458009244,HSBC_US,HSBC US
2438662508,SpotifyAds,Spotify Advertising
2423578501,NetBet_FR,NetBet_FR
2421893227,ULesCommercants,U Les Commer√ßants
2420264664,DockersFrance,Dockers France
2401980110,tiktok_us,TikTok
2401682532,Spotify_PH,Spotify Philippines
2399324190,AppsFlyerDev,AppsFlyer Engineering, LLC|
2358139032,Vultr,Vultr
2340940998,InsureMyPath,InsureMyPath
2340696720,Granola,Granola
2338580088,LaysFrance,Lay's France
2322081114,GrabID,Si Paling Ekstra Bantuin
2321363864,CareersAtCrown,Careers at Crown
2319009091,Uber_BE,Uber Brussels
2317779512,smiledirectclub,SmileDirectClub
2303966418,Comprenditech,Comprendi
2300426996,CollisionHQ,Collision Conf
2280408692,allyapp_DE,ally Deutschland
2244500935,ProtegeHunters,Protege Hunters
2230824990,DartagnansFR,Dartagnans
2230056660,uber_at,Uber Austria
2229652831,ArabicFBS,FBS Arabic
2214728096,gosolaramerica,SolarAmerica
2203397006,Uber_Panama,Uber Panama
2196922086,oneplus,OnePlus
2178194851,T14Haley,HR Manager
2177038028,Hacker0x01,HackerOne
2167215397,SpotifyNL,Spotify NL
2166935906,Uber_HYD,Uber Hyderabad
1978646786,Spotify_LATAM,Spotify LATAM
1969337858,Uber_India,Uber India
1962495709,BlizzHeroesDE,Heroes of the Storm
1962435228,BlizzHeroesFR,Heroes of the Storm
1954899684,ugowallet,UGO Wallet
1953804102,SofteamGroup,Softeam
1945168638,JiraServiceMgmt,Jira Service Management
1945092786,suzukiireland,Suzuki Ireland
1944075055,IMFLive,IMFLive, Inc.|
1930751192,PampersFrance,Pampers¬Æ
1930287096,monst_mixi,„É¢„É≥„Çπ„Çø„Éº„Çπ„Éà„É©„Ç§„ÇØÂÖ¨Âºè(„É¢„É≥„Çπ„Éà)
1911370596,KinderBuenoFR,Kinder Bueno France
1911102950,flightdelays,Flight Delays
1900170906,Uber_Nashville,Uber Nashville
1879865064,Mucinex,Mucinex
1861393146,BlizzHeroes,Heroes of the Storm
1861221396,all_Laundry,all¬Æ Laundry
1860168224,LINEmanga,LINE„Éû„É≥„Ç¨
1852259240,SpotifyARG,Spotify Argentina
1845900367,Hearthstone_ru,Hearthstone
1734666194,Volvic_fr,Volvic France
1724451330,GrabSG,Grab Singapore
1709547272,WarnerBrosUK,WarnerBrosUK
1705464475,Uber_Florida,Uber Florida
1686691928,SafeAffordable,Safe Affordable Food
1667848166,PeugeotFR,Peugeot France
1667162474,CGTNFrancais,CGTN Fran√ßais
1640990204,TwitterMktgES,Twitter Marketing ES
1639309946,TwitterMktgFR,Twitter Marketing FR
1638775644,MBNA_Canada,MBNA Canada
1627614212,Uber_RSA,Uber South Africa
1620635102,WRCTheGame,WRC The Official Games
1603920446,TridentSystemsI,Trident Systems Inc.
1598062686,CureSimple,Cure & Simple
1597205702,UFirstCU,UFirst Credit Union
1584892117,GrabTH,Grab Thailand
1577209256,undizfamily,Undiz
1566387187,Acorn_Stairlift,Acorn Stairlifts Inc
1562710586,Uber_Qatar,Uber Qatar
1562674548,Uber_KSA,ÿ£Ÿàÿ®ÿ± ÿßŸÑÿ≥ÿπŸàÿØŸäÿ©
1561261537,DiscoverGlobal,Discover Global
1548344107,ClashofClansJP,„ÇØ„É©„ÉÉ„Ç∑„É•„Éª„Ç™„Éñ„Éª„ÇØ„É©„É≥ÂÖ¨Âºè
1527318606,FrejaeID,Freja eID
1513002752,G2A_com,Greg the G2A Geek
1505526834,NumeriqueFrance,France M√©dias Num√©rique
1498913881,guardianlife,Guardian Life
1490969875,Princeton_Inst,Teledyne Princeton Instruments
1481786208,BeatsByDreFR,Beats By Dre FR
1447558507,QuizUp,QuizUp
1424082012,BlaBlaCarTR,BlaBlaCar T√ºrkiye
1411722972,Uber_NE,Uber Nebraska
1411717500,Uber_Hawaii,Uber Hawaii
1407811837,Bird_Office,Bird Office
1400065880,BlaBlaCarBE,BlaBlaCar BE
1381640492,LogDrivers,TopLog
1343705630,mercari_jp,„É°„É´„Ç´„É™
1342651513,losar93,Louis sarlin
1339328281,SearchlightFR,Searchlight Pictures FR
1337586457,Uber_KC,Uber KC
1334200770,Uber_Czech,Uber ƒåesk√° republika
1319614076,AreYouThirstie,Thirstie
1310270816,hearthstone_it,Hearthstone Italia
1310265248,hearthstone_fr,Hearthstone France
1310255760,hearthstone_pl,Hearthstone Polska
1310250354,hearthstone_es,Hearthstone Espa√±a
1310242836,hearthstone_de,Hearthstone DE
1269961171,salesforce_NL,Salesforce NL
1264918778,TodayTix,TodayTix
1261722422,oldelpaso,Old El Paso
1229967259,MikadoFR,Mikado
1219710116,Uber_MI,Uber Michigan
1209608880,PlayHearthstone,Hearthstone
1209294049,FDJ,FDJ
1172229296,facetune,Facetune by Lightricks
1159809212,maxmara,Max Mara
1156866230,Prada,PRADA
1132876218,VMwareTanzu,VMware Tanzu
1126476188,ansible,Red Hat Ansible
1115726696,PeoplePattern,People Pattern
1093974787,Uber_Helsinki,Uber Helsinki
1059622782,aha_io,Aha!
1057928852,axefrance,AXE France
1020383864,GIPHY,GIPHY
1020058453,BuzzFeedNews,BuzzFeed News
1010231712,Uber_WI,Uber Wisconsin
1008493112,VolvoCarFR,Volvo Car France
1003900058,LINEGAME_Japan,LINE GAMEÂÖ¨Âºè„Ç¢„Ç´„Ç¶„É≥„Éà
993094381,CanonUSAimaging,Canon USA Imaging
978485005,Econocom_fr,Econocom France
960653964,oppo,OPPO
946469935,Uber_Ger,Uber Germany
942428197,happn_app,happn
941437770,Uber_Stockholm,Uber Sweden
936976538,Freeletics,Freeletics
930223086,PartsUnknownCNN,Parts Unknown
902438742,auth0,Auth0
884794020,Deliveroo,deliveroo
868472186,PeriscopeData,Periscope Data
858468385,verisuresverige,Verisure Sverige
856554078,laurensimonelli,Lauren Simonelli
851383142,DigipillApp,Digipill
843161588,JonLee_Recruit,#JonLeeLife
835966765,LloydsBankBiz,Lloyds Bank Business
835708693,Uber_PDX,Uber Portland
833562217,SEATofficial,SEAT
808465471,brookstreetuk,Brook Street UK
800168845,MastercardFR,Mastercard France
791919660,Uber_NL,Uber Nederland
789605024,EuropaLeague,UEFA Europa League
784845446,SyfyTV,Syfy
771833052,onepeloton,Peloton
743223366,mondaydotcom,monday.com
735221018,Uber_MN,Uber Minnesota
730400376,ClashofClans,Clash of Clans
728364631,nissanfrance,Nissan France
724481070,DeezerDE,Deezer Deutschland
720666014,vw_france,Volkswagen France
712413690,FDJsport,FDJ Sport
701615052,CaptainAmerica,Captain America
628899279,TwitterSurveys,Twitter Surveys
625298957,Tinder,Tinder
615368276,Emailage,Emailage
612897556,HaagenDazs_US,H√§agen-Dazs
608732656,EASPORTSUFC,EA SPORTS UFC
608182396,IBMpolicy,IBMPolicy
606806109,acorns,Acorns
605804404,Hired_HQ,Hired
596893898,GlblCtzn,Global Citizen ‚≠ï
596639138,StratosCard,Stratos Card
594955896,Uber_DFW,Uber DFW
592700022,CandyCrushSaga,Candy Crush Saga
592266025,HyundaiFrance,Hyundai France
588505922,Uber_CO,Uber Colorado
586671909,VineCreators,Vine Creators
583307622,Uber_NCarolina,Uber North Carolina
576286471,Box_Europe,Box Europe
569569550,lyft,Lyft
569138069,beinsports_FR,beIN SPORTS
567138881,Levis_FR,Levi's¬Æ France
561110221,OUIGO,OUIGO
555532681,TESOnline,The Elder Scrolls Online
554957168,SHEIN_Official,SHEIN News
554957168,SHEIN_News,SHEIN News
551373363,Visa,Visa
550293716,LaBanquePostale,La Banque Postale
546139160,Carters,Carter's
545086087,MicroFocusFR,Micro Focus France
543560090,SilentCircle,Silent Circle
540998751,DigitalGuardian,Digital Guardian
538255363,Spireon,Spireon
537989713,Hermes_Paris,Herm√®s
534581091,PalladiumHotels,Grand Palladium Hotels & Resorts
532348639,ONCOassist,|ONCOassist¬Æ || The go-to oncology app|
527865076,LinkUp_Expo,Link Computer Corp.
522701657,Zoom,Zoom
519685965,PCFinancial,PC Financial
518698639,SpotifyDE,SpotifyDE
518695980,Ritzcrackers,RITZ Crackers
513847838,0patch,0patch
511420026,RadixRegistry,Radix
511081284,Uber_Suisse,Uber Suisse
510987166,Uber_Italia,Uber_Italia
510963519,Uber_ES,Uber Espa√±a
510253639,NOW,NOW
507957377,SynertechInc,Synertech Inc
505085194,toocool2betrue,TooCool2BeTrue
500742404,FAB_Group_,FAB Group
491500016,NintendoFrance,Nintendo France
488921895,CastAndCrewNews,Cast & Crew
482425439,KayJewelers,Kay Jewelers
480291749,citeofrance,Citeo
479315245,SpotifyUK,Spotify UK & Ireland
478466850,DellEMCScaleIO,Dell EMC ScaleIO
467793155,VantageDC,Vantage Data Centers
459493000,Uber_RJ,Uber Rio
459491875,Uber_Brasil,Uber Brasil
459405164,meshfire,Meshfire
459354687,UberUK,Uber UK
457033547,digitalocean,DigitalOcean
447008186,Dacia_FR,Dacia France
443876086,im_a_developer,I'm a Developer
441989949,FandangoNOW,FandangoNOW
441684924,parnasse,Parnasse
438493591,Uber_Canada,Uber Canada
437044208,FrankandOak,Frank And Oak
435823876,28minutes,28 minutes
432383685,Amundi_FR,Amundi
429005626,Bubble_Witch,Bubble Witch
425734083,Checkmarx,Checkmarx
423537761,msft_businessCA,Microsoft in Business Canada
417927225,trivago,trivago
415859364,Nike,Nike
412414533,KristelTalent,Kristel Janssen
401643632,IPSY,IPSY
398080898,MorningStrFarms,MorningStar Farms
395416066,LogicalisCareer,Logicalis Careers
392806811,Clearwaterps,Clearwater
390943698,belVita,belVita
390372276,LyonsMagnus,Lyons
390227684,lovoo,LOVOO
382736141,enedis,Enedis
382337247,Snuggle_Bear,Snuggle¬Æ
382177545,TimHortons,Tim Hortons
380749300,Apple,Apple
376135161,LeSlipFrancais,Le Slip Fran√ßais
369607036,EnvisageLive,EnvisageTechnologies
368970737,IDGTechTalk,IDG TECHtalk
366243718,sethrobot,sethrobot Ó®Ä
365662293,SpotifyID,Spotify Indonesia
365659879,SpotifyMexico,Spotify Mexico
365616138,SpotifyCanada,Spotify Canada
358108746,HuaweiEnt,Huawei Enterprise
358013667,salesforceiq,SalesforceIQ
356136409,AlJazirahFord,ÿ™ŸàŸÉŸäŸÑÿßÿ™ ÿßŸÑÿ¨ÿ≤Ÿäÿ±ÿ© - ŸÅŸàÿ±ÿØ ÿßŸÑÿ≥ÿπŸàÿØŸäÿ©
354847710,Codecademy,Codecademy
347986225,JWMarriott,JW Marriott Hotels
346844507,Uber_UAE,Uber UAE
346843160,UberFR,Uber France
340270885,AtosFR,Atos France
337943205,stanslap,StanSlap
333774944,SammyDress,SammyDress
330677333,PeacockStore,Peacock Store
327436598,Opel_France,Opel_France
326912209,udacity,Udacity
326359913,CHANEL,CHANEL
322545525,HunterSelection,Hunter Selection Limited
322518915,AvanadeFrance,Avanade France
320857513,HuaweiFr,Huawei France
320816405,LesSims,Les Sims
318081948,Uber_ATL,Uber ATL
314035866,KahoaConsulting,Kahoa
313905936,GlueReplyJobs,Glue Reply Jobs
312735063,Oikos,OIKOS
312226591,baristabar,The Barista Bar
308144360,airbnb_fr,Airbnb France
307810043,cloudinary,Cloudinary
307781769,CitroenFrance,Citro√´n France
306490355,monsterhunter,Monster Hunter
305506258,Gett_UK,Gett
304406240,VisitBritainGCC,VisitBritain GCC
304406091,VeryChic,VeryChic
301485075,GE_Europe,GE Europe
297613502,hayscanada,Hays Recruitment Canada
297169759,SamsungMobile,Samsung Mobile
296824934,orange,Orange
295325513,LEGO_Group,LEGO
284578421,omegawatches,OMEGA
274572056,IpsenGroup,Ipsen
273386497,SuzukiCarsUK,SuzukiCarsUK
273181052,SuitsPeacock,Suits
272164735,Uber_LA,Uber Los Angeles
272164322,Uber_DC,Uber DC
272162794,Uber_CHI,Uber Chicago
272162235,Uber_SEA,Uber Seattle
272162016,Uber_Philly,Uber Philly
272161678,Uber_BOS,Uber Boston
272161437,Uber_SF,Uber San Francisco
272161214,Uber_NYC,Uber NYC
270302667,JaguarItalia,Jaguar Italia
269804363,PSDGroup,psd group
268267143,EDFofficiel,EDF
267939430,KPMG,KPMG
267399199,generalelectric,General Electric
267280117,buzzfeedpartner,BuzzFeed Partner
263875112,SourceLink,SourceLink
262886737,CenturyLinkJobs,CenturyLink Careers
260784031,dashlane,Dashlane
260685403,SciReports,Scientific Reports
260306257,OriginInsider,Origin
257548783,Showtime,SHOWTIME
252751061,Quicktake,Bloomberg Quicktake
249842778,percolate,Percolate
249733084,TNLUK,The National Lottery
246779440,CircleBackInc,CircleBack
243796037,TicTacUSA,Tic Tac USA
242867743,McD_CentralFL,McD's Central FL
239475582,BanquePopulaire,Banque Populaire
239366378,MeeticGroup,Meetic Europe
235334488,SEA_PrimeTeam,Prime Team Partners
233851236,CAMPFIREjp,CAMPFIREÔºà„Ç≠„É£„É≥„Éó„Éï„Ç°„Ç§„É§„ÉºÔºâÂõΩÂÜÖÊúÄÂ§ß„ÅÆ„ÇØ„É©„Ç¶„Éâ„Éï„Ç°„É≥„Éá„Ç£„É≥„Ç∞
233631354,AudienseCo,Audiense
231579149,NetflixBrasil,netflixbrasilüçÇ
231577324,NetflixLAT,Netflix Latinoam√©rica
229888039,BarclaysCorp,Barclays Corporate
228759198,cic,CIC
227259510,KodakMomentsapp,Kodak Moments
226894918,ganganonline,„Ç¨„É≥„Ç¨„É≥ONLINE
226348151,LinkedInNews,LinkedIn News
225099584,fisherinvest,Fisher Investments
224359740,MercedesBenzUSA,Mercedes-Benz USA„Ö§
223789963,MANGO_Man,MANGO Man
219718090,Morneau_Shepell,Morneau Shepell
219235380,SauveteursenMer,SNSM
218659501,SNCF,SNCF
216882807,GalloFamily,GalloFamilyVineyards
207505157,PTC,PTC
204856343,belk,Belk
203588578,fantv,Fan TV
201837925,corninggorilla,Corning¬Æ Gorilla¬Æ Glass
199600683,SNCF_Recrute,SNCF Recrute
199482984,cbasahi,„Çµ„Ç§„ÇØ„É´„Éô„Éº„Çπ„ÅÇ„Åï„Å≤
197539894,Transamerica,Transamerica
197208081,Netflix_CA,Netflix Canada
196697157,NewAmericanEcon,New American Economy
195517001,ThingWorx,|ThingWorx
194577080,FordFrance,Ford France
193818082,LGUSAMobile,LG USA Mobile
188656529,VisitGreecegr,Visit Greece
188352302,Domotalk,Domo
187535428,PokerStarsFR,PokerStarsFR
185696807,DanetteFR,Danette France
183662837,CreditMutuel,Cr√©dit Mutuel
183273999,JackLinks,Jack Link's Jerky
182430657,HeinzTweets,H.J. Heinz & Co.
182302611,UniversalFR,Universal Pictures
182224938,twitcasting_jp,„ÉÑ„Ç§„Ç≠„É£„ÇπÂÖ¨Âºè
180124279,BALENCIAGA,Balenciaga
177663215,SAPInMemory,SAP HANA
177166809,MercuriUrval_NL,Mercuri Urval NL
176400436,McD_SouthFla,McD's South Florida
174701460,WixPartners,WixPartners
174167702,Procivis,Procivis
170492152,Ciszek,Ciszeküéß
167562319,BNYMellon,BNY Mellon
163843965,Carglass_NL,Carglass¬Æ
162021124,MalakoffHumanis,Malakoff Humanis
161616614,AmazonJP,Amazon JP („Ç¢„Éû„Çæ„É≥„Ç∏„É£„Éë„É≥)
159396196,Tortus_Fin,Tortus Finance
154303893,TheSandwichBar,The Sandwich Bar
153499636,vasg4u,vasu golakoti
153329640,Bpifrance,Bpifrance
151140821,DowJones,Dow Jones
151081208,SamsungUK,Samsung UK
150579387,OCSTV,OCS
150212556,DellTechFrance,Dell Technologies France
148501390,renault_fr,Renault France
145594305,EA_FIFA_France,EA FIFA France
143182529,PMU_Hippique,PMU Hippique üîû
141748686,FutureAdvisor,FutureAdvisor
139748877,Metropolitan_Fr,Metropolitan Films
139426109,KalyptusRecrute,Kalyptus Recrutement
137408961,eConsultingRH,e-Consulting RH
136200075,StarbreezeAB,Starbreeze Studios
135388349,asahi_globe,The Asahi Shimbun GLOBE+
135180821,credit_coop_,Cr√©dit Coop√©ratif
133017545,SportChek,Sport Chek
132963061,blablacar_es,BlaBlaCar Espa√±a
130671401,RakutenJP,Ê•ΩÂ§©Â∏ÇÂ†¥
125985417,TradeStConsult,Trade Street Consult
125762592,BushmillsUSA,Bushmills USA
125680703,SkodaFrance,≈†KODA France
124176955,G5games,G5 Games
123818293,DisneylandParis,Disneyland Paris
123193555,EA_Benelux,EA Benelux, a PTC Technology|
123093566,datadoghq,|Datadog
122487138,PB_Careers,Pitney Bowes Careers
122333150,boulanger,Boulanger
122317468,groupekeolis,Keolis Group
121467814,famitsuApp,„Éï„Ç°„ÉüÈÄöApp@„Ç¢„Éó„É™Êñ∞‰ΩúÊÉÖÂ†±
121291606,TwitterBusiness,Twitter Business
121182964,theskinnypop,SkinnyPop Popcorn
117453862,SamsungFR,Samsung FR
115085464,AXAprevention,Association AXA Pr√©vention
114870386,Flipboard,Flipboard
114407287,DLPNews,Disneyland Paris News
113878614,CulturRH,lesiteemploi.fr
113457662,DAZSI,Lisa Savage
111740993,CPPInc,|CPP
111596439,Focus_entmt,Focus Entertainment
110546136,nutanix,Nutanix Inc.
108983630,PayPalUK,PayPal UK
108277936,Cerfrance,R√©seau Cerfrance
105297123,EASPORTSFIFA,EA SPORTS FIFA
104657420,jalannet,„Åò„ÇÉ„Çâ„Çì„ÄàÂÖ¨Âºè„Äâ
104481993,airliquidegroup,Air Liquide Group
104105131,RMCsport,RMC Sport
103821088,TF1,TF1
102395149,franprix,Franprix
101614099,jennfarrer,Jennifer Farrer
100300056,StarbucksCanada,Starbucks Canada
100226575,blablacarIT,BlaBlaCar Italia
100186027,Peugeot,Peugeot
100004577,Orange_France,Orange France
98414217,tousuncotefoot,OnaTousunC√¥t√©Foot ‚öΩÔ∏è
98047213,Huawei,Huawei
97226338,Credit_Agricole,Groupe Cr√©dit Agricole
95868974,MondeInformatiq,Le Monde Informatique
95830798,EulerianTech,Eulerian
93661938,ebayinccareers,Life at eBay
93608485,NissanMotor,Nissan Motor
92294003,Dove,Dove, Inc.|
89086285,TargetStyle,Target Style
89084561,Target,Target
88697269,ENGIEgroup,ENGIE
87818409,guardian,The Guardian
86107125,Brandwatch,Brandwatch
84529405,GRDF,GRDF
84277929,EAFussball,EA SPORTS FIFA
84249568,AmazonKindle,Kindle
83907610,GiltMAN,Gilt MAN
82896397,INGFrance,ING France
82347693,StarCraft_RU,StarCraft_RU, Inc.|
82347148,StarCraft_FR,StarCraft_FR
82346892,StarCraft_DE,StarCraft_DE
82321258,Warcraft_RU,Warcraft_RU
82320784,Warcraft_DE,Warcraft_DE
82320016,Warcraft_FR,Warcraft_FR
81192849,DukeEnergy,Duke Energy
79962986,TotalEnergies,TotalEnergies
79292033,FreeEnterprise,Free Enterprise
78613092,StaplesStores,Staples Stores
78050484,IncisiveCareers,Incisive Media
74991835,WebSummit,Web Summit
74419919,mabanque_bnpp,Ma Banque BNP Paribas
73359920,MaisonValentino,Valentino
71210918,MrWorkNl,MrWork
71026122,McDonalds,McDonald's
70266297,udemy,Udemy
66408053,Cadillac,Cadillac
66395780,chevrolet,Chevrolet
66344591,CreditAgricole,Cr√©dit Agricole
65595723,JustEatFr,Just Eat France
65588458,Conti_Industry,Continental Industry
63933540,DellEMCECS,Dell EMC ECS
63142684,Cdiscount,Cdiscount
62470684,Monoprix,Monoprix
61850005,IndeedEspana,Indeed
61193820,CarrefourFrance,Carrefour
61040833,Diablo,Diablo
61040299,StarCraft,StarCraft
61033129,Warcraft,World of Warcraft
59889953,Verizon,Verizon
59776530,QuickBooksUK,Intuit QuickBooks UK
58737080,CiscoUKI,Cisco UK & Ireland
57739384,eqdepot,Equipment Depot
57691450,GroupeLaPoste,La Poste Groupe
56997986,BMWGroupFrance,BMW Group France
55198819,WorkCast,WorkCast
54973131,McDonalds_BR,M√©qui no #BBB22 üçî
54559669,yslbeauty,YSL Beauty
53925101,SMExaminer,Social Media Examiner #SMMSociety
53528073,MitsubishiHVAC,Mitsubishi Electric Trane US
53105767,NatureValley,Nature Valley
53074437,EDHEC_BSchool,EDHEC_BSchool
52698165,siemensindustry,Siemens Industry
51105491,Vailresortsjobs,Vail Resorts Careers
51061080,OzarkaSpringWtr,Ozarka¬Æ
50687788,Macys,Macy's
50436713,interstatebatts,Interstate Batteries
50335037,IceMountainWtr,Ice Mountain Spring Water
50332725,DeerParkWtr,Deer Park¬Æ
50330661,PolandSpringWtr,Poland Spring¬Æ
50264321,lifeatsky,Life At Sky
50089737,strategyand,Strategy&
49999973,Spartoo,Spartoo
49979934,XboxFR,Xbox FR
49076955,foxitsoftware,Foxit
48477873,DellEMCIsilon,Dell EMC Isilon
47787563,GuildWars2,Guild Wars 2
47659350,Coral,Coral
47645546,AudiUK,Audi UK
47576958,HLN_BE,HLN.BE
47191725,Grammarly,Grammarly
46957145,AudiFrance,Audi France
46453892,yellowtailwine,[ yellow tail ]
46186400,Sephora,Sephora
45464051,ConcurrencyInc,Concurrency
45454570,janellebruland,Janelle Bruland
44945468,RWSGroup,RWS Group
44902267,cdotechnologies,CDO Technologies
44889752,IDAIRELAND,IDA Ireland
44084633,LouisVuitton,Louis Vuitton
43462357,JoVEJournal,JoVE
43430484,Honda,Honda
43123762,Speedtest,Speedtest by Ookla
42704386,koding,Koding
40205617,AirFranceFR,Air France FR
39815311,ZalesJewelers,Zalesjewelers
39357604,Norton,Norton
38395124,franceinfo,franceinfo
37916167,marksandspencer,M&S
37890617,LOrealGroupe,L'Or√©al Groupe
37878115,Bookatable,Bookatable
36969785,PlayStationEU,PlayStation Europe
35861227,NewYorkLife,New York Life
35773873,boohoo,boohoo
35643834,guvera,Guvera
35011181,GilletteVenus,Gillette Venus
34713362,business,Bloomberg
34675715,CBRE,CBRE
34369690,Gatorade,Gatorade
33645850,NissanUSA,Nissan
33606835,PitneyBowes,Pitney Bowes
33566120,Vassili,Vassili
33563975,eBay_UK,eBay UK
32358920,leroymerlinfr,Leroy Merlin
32340023,GoPro,GoPro
31411804,EdmundOptics,Edmund Optics
31383460,Klarna,Klarna
31141686,beatport,Beatport
31089938,TeliaSverige,Telia Sverige
31086346,CiscoNorway,Cisco Norway
30470543,Caisse_Epargne,Caisse d'Epargne
29704444,IBM_France,IBM France
29444304,stacye_peterson,Stacy Peterson
29428202,Michel_Augustin,Michel & Augustin
28922440,AtlanticNet,Atlantic.Net
28693973,EAFrance,EA France
28588873,AIP_Publishing,AIP Publishing
28083999,AdverOnline,Adver-Online
27949726,cibc,CIBC
27855118,Battlefield,Battlefield
27740815,libertex_europe,Libertex
27028928,FPCNational,FPC National
26775859,IntelBusiness,Intel Business
26516576,bookingcom,Booking.com
26040944,Hallmark,Hallmark
25996514,Monsterjobs_uk,Monster Jobs UK
25570548,ICE_Markets,ICE
25487201,adidasFR,adidas France
25053299,FortuneMagazine,FORTUNE
23782611,pariscinema,Festival ParisCin√©ma
23424365,NTT_Europe,NTT Europe
23328929,Argos_Online,Argos
23283603,zomato,zomato
23179472,lensculture,LensCulture
23127272,Radeon,Radeon RX
22873424,CIOonline,CIO.com
22702382,Propel_Jobs,Propel London
22512451,Honda_UK,Honda UK
22461067,Eat24,Eat24
22209176,Office,Microsoft Office
22030851,footlocker,Foot Locker
21877560,SEATFrance,SEAT France
21772906,envisioninc,Envision
21751830,TheBHF,BHF
21662068,Apalon,Apalon Apps
21659166,DairyQueen,Dairy Queen
21441630,IBMSecurity,IBM Security
21332200,CarnegieEndow,Carnegie Endowment
21199814,Norton_UK,Norton UK
21187570,RealexPayments,Realex Payments
21079488,TotalEnergiesFR,TotalEnergies France
20793816,amazon,Amazon
20668038,ITMedia_Online,IT Media
20632796,SUBWAY,Subway¬Æ
20626359,VirginAtlantic,virginatlantic
20228534,Cisco_Germany,Cisco Germany
20092572,CiscoFrance,Cisco France
19958058,ArenaSolutions,|Arena
19762109,IntelUK,Intel UK
19604690,Carbonite,Carbonite
19398874,orangebusiness,Orange Business Services
19292816,Betfair,Betfair
19262500,zillow,Zillow
19253334,pluralsight,Pluralsight
19103481,Uber,Uber
19017255,ericsson,Ericsson
18956020,JackBox,Jack in the Box
18807892,voyageprive,Voyage Priv√© FR, a PTC Business|
18580938,Venmo,Venmo
18462539,OldNavy,Old Navy Official
18332190,British_Airways,British Airways
18319313,ThePublicSquare,Z√≥calo Public Square
18313840,MountainDew,Mountain Dew¬Æ
18244358,NatGeoTV,National Geographic TV
18195019,Achievers,Achievers
18139619,pepsi,Pepsi
18120423,LaRedouteFr,La Redoute
18075981,Exact_NL,Exact Nederland
18060279,Atlassian,Atlassian
17781955,indeed,Indeed
17540485,redbull,Red Bull
17476533,symantec,Symantec by Broadcom Software
17341358,VolvoCarUSA,Volvo Car USA
17308994,ToysRUs,"Toys""R""Us"
17290098,SkyBet,Sky Bet
17230018,Spotify,Spotify
17218582,Dassault3DS,Dassault Syst√®mes
17215802,Yelp,Yelp
17193794,HP,HP
17137891,Walmart,Walmart
17093617,hootsuite,Hootsuite ü¶â
17065932,WooThemes,WooThemes
17047743,Webroot,Webroot
17003765,GoogleWorkspace,Google Workspace
16816021,TDAmeritrade,TD Ameritrade
16745265,Stamats,Stamats
16742099,qlik,Qlik
16573941,netflix,Netflix
16557431,bouyguestelecom,Bouygues Telecom
16334724,windowsdev,Windows Developer
16144151,renaultgroup,Renault Group
16096416,VogueFrance,Vogue France
16043308,ChickfilA,|Chick-fil-A
15996830,nielsen,Nielsen
15991258,Xerox,Xerox, Inc.|
15936194,twilio,twilio
15935591,CMEGroup,CME Group
15934130,HomeAdvisor,HomeAdvisor
15862680,monmouthu,Monmouth University
15829003,bp_America,bp America
15823875,Khoros,Khoros¬Æ
15808647,techreview,MIT Technology Review
15701965,AptumTech,Aptum
15676492,Ford,Ford Motor Company
15651700,Moz,Moz
15635604,HBO,HBO
15531582,unitygames,Unity for Games
15527007,newrelic,New Relic
15513910,Valvoline,Valvoline
15392391,kfc,KFC
15358364,MuleSoft,MuleSoft
15351161,Namecheap,Namecheap.com
15303097,ExpertsExchange,Experts Exchange
15234886,Bitly,Bitly
15232850,MoneySupermkt,MoneySuperMarket
15220473,WaltDisneyWorld,Walt Disney World
15153177,TangerineBank,Tangerine
15133627,O2,O2 in the UK
15081753,JackThreads,JackThreads
15033883,hulu,Hulu
14949454,GoDaddy,GoDaddy
14919272,PlayStationFR,PlayStation France
14908404,Veeam,Veeam¬Æ Software
14874435,guruenergy,GURU Organic Energy
14792516,tableau,Tableau
14791918,HomeDepot,The Home Depot
14775374,JuniperNetworks,Juniper Networks
14749606,Dropbox,Dropbox
14655879,RetailMeNot,RetailMeNot.com
14623460,Veracode,Veracode
14620190,ATT,AT&T
14616081,CiscoSP360,Cisco Service Provider
14591071,Meetup,Meetup
14431752,tradegovuk,Department for International Trade
14377870,Mailchimp,Mailchimp
14345137,newmarkjschool,Newmark J-School
14319981,squarespace,Squarespace
14306008,SageUSAmerica,Sage USA
14273403,Xero,Xero
14178648,namedotcom,Name.com
13058772,LinkedIn,LinkedIn
12848262,TorontoStar,Toronto Star
12378512,Disneyland,Disneyland Resort
12092012,VMware,VMware
10194682,Accenture,Accenture
9655952,boostmobile,Boost Mobile
9624042,StJude,St. Jude
8806412,Fnac,Fnac
8771022,dunkindonuts,Dunkin'
8720562,welt,WELT
8460572,LePoint,Le Point
7449842,iStock,iStock
7173912,BlaBlaCar_FR,BlaBlaCar France
6974972,Entrepreneurs,Caisse d'Epargne Entrepreneurs
6449282,JetBlue,JetBlue
5988062,TheEconomist,The Economist
5943942,SoundCloud,SoundCloud
5911342,carsdotcom,Cars.com
5868402,IntelSoftware,Intel Software
5796972,pandoramusic,Pandora
5625972,eventbrite,Eventbrite
5162861,NintendoAmerica,Nintendo of America
4411041,oscon,O'Reilly OSCON
2632291,hatebu,„ÅØ„Å¶„Å™„Éñ„ÉÉ„ÇØ„Éû„Éº„ÇØ::Hotentry
2257971,slurpee,Slurpee
1278731,JustGiving,JustGiving
1125071,Intuit,Intuit
772368,Monster,Monster
759251,CNN,CNN
666523,joyent,Joyent
30973,Starbucks,Starbucks Coffee
